pendapatan_bulanan,usia,jumlah_tanggungan,skor_kredit_lama,cicilan_lancar,status_rumah,target_default
23081788,21,4,731,0,0,0
15315092,25,1,688,1,2,0
37788921,40,1,523,1,2,0
28735830,28,0,302,1,1,1
28301898,32,0,671,1,0,0
31210711,21,1,745,1,0,0
25981428,40,4,415,0,0,1
33632483,48,1,569,1,1,1
11628519,57,0,746,1,0,0
23249687,57,1,667,1,0,0
46081282,32,1,552,1,0,0
23300885,57,4,616,0,2,0
42959284,48,3,714,1,1,0
6981505,35,0,394,1,2,1
15953367,26,4,323,1,2,1
20544107,40,1,349,0,1,1
6521373,34,1,801,0,2,0
41574309,22,3,797,0,0,0
5344769,29,0,634,1,0,0
44734783,57,0,378,0,0,1
35657787,40,2,326,0,0,1
36817184,46,0,570,1,1,0
33642059,49,3,546,0,2,1
11784633,21,2,686,1,2,0
41219221,55,2,660,1,0,0
32349564,26,1,787,1,0,0
45250411,57,1,651,1,2,0
33943512,25,0,555,1,1,0
44860080,53,2,521,1,2,0
41297498,34,1,300,0,0,1
12642490,32,3,845,0,0,0
41668222,40,1,745,0,1,0
48792155,44,1,378,1,2,1
23498555,54,2,535,1,1,0
32008271,45,2,633,1,1,1
14648637,49,4,648,1,0,0
18861870,59,3,397,0,2,1
40702013,51,2,381,1,0,1
34049003,43,0,801,1,2,0
4428388,58,3,776,0,0,0
38217478,40,3,849,1,0,0
12959014,43,2,313,0,2,1
22193880,36,3,691,1,2,0
5385357,28,2,646,1,0,0
46738553,41,1,609,0,2,0
35237768,21,4,685,1,0,0
3465689,28,1,508,1,2,1
18845364,49,2,656,1,0,0
30563547,52,2,393,1,0,1
13392366,58,1,392,0,0,1
4669995,25,0,639,1,1,0
48393852,42,0,744,1,2,0
23775111,54,0,321,1,0,1
15479854,21,2,590,0,1,1
8397986,46,3,784,1,0,1
15187277,30,2,605,1,1,0
3870928,50,3,427,0,0,1
39709731,38,1,572,1,0,0
46500529,37,4,741,0,1,0
28939239,46,3,802,1,1,0
25027075,28,0,429,0,2,1
16091261,32,2,431,1,2,1
21082629,47,1,781,1,1,0
22687413,28,0,689,1,2,0
24335235,45,1,624,1,1,0
2271836,24,4,368,1,2,1
5584702,53,2,747,1,0,1
42835801,21,2,827,0,2,0
10585377,39,4,464,0,0,1
21435721,51,2,787,1,0,1
20048957,36,3,725,0,2,1
22546531,34,1,564,1,1,0
19824013,25,0,641,1,0,0
38601694,46,4,577,0,0,1
46528071,48,3,738,1,2,0
36119117,22,0,456,1,1,0
38433622,26,0,721,1,1,0
24373627,29,4,550,1,2,0
36561725,53,3,829,1,1,0
5366612,45,0,626,0,2,0
26584529,33,0,396,1,2,1
38258670,29,3,812,1,2,0
4630708,33,2,515,1,0,1
39049111,51,0,431,0,0,1
46556780,31,1,559,0,0,1
3285160,24,3,424,1,2,1
24857742,54,0,381,1,0,1
40727468,58,4,582,1,0,0
2048984,24,1,358,1,0,1
12788678,58,0,843,1,2,1
8556168,39,1,460,1,2,0
30431703,26,1,583,0,2,1
20281600,54,2,405,0,0,1
25717335,38,1,404,0,1,1
14719242,33,2,738,1,0,0
18030288,43,3,527,1,0,0
37291527,39,2,617,1,2,0
46054178,31,4,763,1,2,0
40334882,21,0,771,1,0,0
26246560,44,3,355,1,0,1
21009001,27,3,312,1,1,1
46891129,45,4,739,0,1,0
29891752,41,2,317,0,2,1
39407771,35,0,412,1,1,1
18013446,21,2,528,1,1,0
29009224,32,1,470,1,2,0
13910049,27,2,594,1,1,0
9130144,35,3,488,1,0,0
6545583,41,0,725,0,1,0
43542436,39,2,378,0,2,1
48626914,49,0,481,0,0,1
41070421,45,0,798,1,1,1
16881728,53,1,370,0,0,1
36045666,52,1,547,1,0,0
45891300,55,3,445,1,1,1
14722094,58,4,595,1,1,1
45464141,46,0,769,0,2,0
24178434,31,4,805,1,2,0
48321408,55,3,492,1,0,0
14796932,28,0,367,1,2,1
8914550,34,0,793,1,0,0
24944510,30,4,351,0,0,1
28063245,22,2,662,1,2,0
42461158,29,1,773,1,2,0
41443226,23,2,820,1,2,0
32527880,41,4,730,1,1,0
34374990,46,1,597,1,0,0
26335374,28,2,734,0,0,0
8510425,22,1,497,1,0,0
44065449,26,0,427,1,2,1
9887739,48,2,831,1,2,0
2769598,49,1,710,1,2,0
24070111,46,1,364,1,2,1
30433648,45,1,540,1,2,1
9971379,32,2,668,0,1,0
5331068,25,3,835,1,2,0
38810847,54,2,683,1,0,1
36428803,57,4,730,1,2,0
7654237,35,2,382,1,0,1
47816038,56,1,585,1,2,0
19750764,35,0,833,0,2,0
38898446,43,2,758,1,0,0
25841962,26,2,511,1,0,0
45156515,41,1,425,1,0,1
24993420,43,0,712,1,0,0
23970758,36,0,798,1,1,0
38513466,35,4,724,0,0,0
33288562,45,2,842,1,2,1
23351509,56,0,457,1,2,0
25484187,31,0,411,0,1,1
35598017,35,3,701,0,0,0
38093880,24,3,421,1,2,1
16643995,41,0,572,0,1,1
31193243,33,4,593,1,2,0
46066131,42,0,697,0,1,0
10306461,39,1,770,0,1,0
37563453,54,2,506,1,0,0
36755914,34,4,409,1,1,1
47377017,24,1,739,1,2,0
25477595,47,4,577,1,2,0
25637222,49,1,781,1,0,0
4484413,48,2,413,1,0,1
4907360,55,2,776,1,1,0
29948416,28,3,620,1,0,0
41449976,36,1,478,0,2,1
32344474,56,3,518,0,2,1
24474685,50,1,827,1,0,0
4235000,38,3,791,1,0,1
25685747,22,2,360,0,0,1
39876684,33,4,353,0,1,1
7822184,24,3,837,0,1,0
35957122,46,1,364,1,2,1
31859174,45,1,470,1,1,0
38102853,50,2,572,0,1,1
48159303,31,1,834,1,1,0
14195226,27,0,690,1,1,0
49936136,51,4,626,1,2,0
3954109,30,3,407,0,0,1
16421668,59,4,461,1,2,0
23200096,33,2,751,1,1,0
47055794,51,3,505,1,0,0
18266473,27,3,315,0,0,1
42759979,56,0,626,1,0,0
43878167,40,2,301,1,2,1
25234510,24,1,309,1,0,1
47968757,27,0,733,0,2,0
2061087,21,0,424,1,2,1
15596255,33,4,380,0,1,1
20273392,42,4,784,1,1,1
12274621,41,4,449,1,0,1
15022704,42,0,639,1,0,0
18816569,48,1,428,1,1,1
42038963,29,3,737,1,2,0
9654909,46,4,800,1,2,0
39814054,29,1,357,1,1,1
41280002,35,2,497,0,2,1
19194096,30,4,510,1,1,0
34048740,44,3,344,1,1,1
17421040,28,2,396,1,0,1
26210512,44,2,578,1,0,0
6965050,36,3,834,1,1,0
2813168,46,4,709,1,0,1
35779713,47,0,760,1,1,0
13506305,57,3,690,1,2,1
22560091,24,3,343,1,2,1
21772981,44,3,326,1,2,1
9734102,39,2,396,0,2,1
7674719,56,1,847,0,1,0
10658144,59,0,518,1,2,1
42163712,30,4,484,1,2,0
24277522,45,4,368,1,2,1
39926525,38,1,429,1,2,1
20338945,39,3,633,0,1,0
23808811,56,0,453,1,2,0
46165849,30,4,846,0,0,0
7478047,53,4,378,0,0,1
27847493,25,3,712,1,0,0
34986527,55,1,845,0,0,0
3119043,54,0,468,1,0,0
13718070,53,1,814,1,0,0
46149943,41,1,613,1,1,1
16012538,37,0,331,0,0,1
35436048,42,0,586,1,2,0
42657662,57,4,342,0,0,1
28906917,35,4,300,1,1,1
38112663,55,0,569,1,0,1
8659908,48,2,479,1,2,0
33378291,27,4,817,0,2,1
38634821,52,2,402,1,1,1
37216341,31,0,309,1,1,1
21433354,30,4,389,0,1,1
18887294,29,1,525,1,1,0
8314127,34,0,425,1,0,1
32827104,33,3,508,0,0,1
45347144,45,2,396,0,2,1
37562619,22,0,373,1,1,1
37213498,55,0,490,0,1,1
37703247,27,4,355,0,0,1
42910172,41,4,331,1,1,1
26435642,38,4,826,1,2,0
8404003,23,3,583,1,2,0
6135314,59,4,793,1,1,0
36465113,31,0,486,1,2,0
35267858,59,4,797,0,2,0
23114003,44,1,741,1,0,0
21532639,39,4,429,1,2,1
12421958,24,3,591,0,1,1
12700595,46,1,413,1,1,1
14984808,58,0,498,1,2,0
16764960,52,0,312,0,1,1
31837223,59,2,570,0,0,1
11132582,56,1,514,1,2,0
43167719,57,2,743,1,2,0
18385802,53,1,811,1,2,0
5612600,56,1,746,1,1,1
19603032,23,3,373,0,1,1
27540529,29,2,836,0,2,0
14105878,28,3,400,0,1,1
45799966,53,1,475,0,1,1
12047453,26,0,726,0,2,0
37581225,59,1,416,1,2,1
36109026,24,3,465,1,1,1
44090758,33,2,340,1,2,1
18037627,22,2,728,0,2,0
15228175,25,3,643,1,2,0
22281689,47,2,723,1,2,0
37759096,52,4,665,0,1,0
6341747,41,0,419,1,2,1
48510960,28,0,528,1,0,0
34114689,58,0,429,0,2,1
30307083,28,2,651,1,0,0
44060836,23,2,617,0,2,0
34797855,23,1,636,1,0,0
36795514,42,1,572,1,0,0
7184502,26,0,416,1,2,1
48835720,22,4,667,0,2,1
25448674,43,1,393,1,2,1
32948143,22,1,467,1,0,0
14503247,58,2,640,1,1,1
29853954,37,4,451,1,1,1
8041495,55,0,573,1,2,0
32831219,54,1,795,1,1,0
27834058,43,4,400,1,1,1
25101383,50,4,381,1,2,1
19569187,28,0,828,1,0,0
36055589,42,4,372,1,2,1
13002109,56,4,313,1,1,1
41501026,25,4,732,1,0,0
35163773,33,1,456,1,1,0
13310552,49,0,431,1,0,1
33146082,51,4,637,1,1,1
23104792,36,4,703,0,2,0
23739356,50,1,675,1,1,0
13471761,36,0,406,1,1,1
21576703,32,2,564,0,0,1
38459373,37,1,504,1,1,0
9983441,36,0,378,0,2,1
7320385,32,4,454,0,2,1
20877237,28,0,546,0,2,1
48918818,40,0,830,1,0,0
45303868,23,0,837,1,0,0
25705256,36,2,453,1,1,0
19395683,50,0,453,1,1,0
40887584,43,2,391,1,1,1
12524227,48,4,732,1,0,0
14344096,25,2,637,1,0,0
42882573,40,4,779,1,1,0
31840175,21,4,430,0,0,1
32467575,50,2,749,0,0,0
40688639,41,1,572,1,2,0
44071431,40,3,476,1,2,0
25508102,26,0,348,0,1,1
11405634,42,3,654,0,1,0
7853584,38,0,607,1,2,0
26947744,28,0,345,1,0,1
39856186,59,4,601,1,1,0
37823474,52,0,707,1,1,0
3983509,53,0,488,1,1,1
43294573,36,2,428,1,0,1
20298917,32,3,836,1,2,0
45563237,58,2,565,0,1,1
12620268,54,0,417,1,2,1
12166834,34,4,763,0,2,0
8105525,56,2,443,0,0,1
28365210,53,2,741,1,0,0
29180308,43,1,499,1,0,0
13326237,22,0,456,1,0,0
21234400,41,4,786,0,0,0
36972607,22,2,433,1,0,1
22583904,47,2,447,1,1,1
35255876,29,4,635,1,2,0
17900476,21,0,370,0,0,1
42820227,31,1,532,1,1,0
39327394,23,2,633,1,2,0
14580031,43,1,389,0,0,1
22818992,46,3,633,1,0,0
24487056,24,0,498,1,1,0
45703467,38,3,460,0,2,1
14707035,26,3,837,0,0,1
7130397,55,3,420,0,2,1
5451356,42,0,600,1,1,0
38998516,35,0,735,0,0,0
38481541,42,4,367,1,2,1
48315618,57,1,758,1,1,0
29674903,32,1,813,1,1,0
13275612,58,4,697,0,0,0
29097584,38,4,585,0,2,1
27297197,55,3,439,1,0,1
44058334,50,4,581,1,0,0
47075554,44,2,756,1,2,0
41769056,50,1,386,0,2,1
39890300,34,4,378,1,2,1
45369428,26,2,504,1,1,0
16650271,23,2,636,0,1,1
33725526,36,2,553,1,2,0
14240032,27,2,603,1,1,0
20992383,34,3,679,0,0,0
5886402,29,2,429,1,2,1
44632984,35,3,575,1,0,0
19465321,41,3,482,0,2,1
3989173,55,2,567,1,0,0
38635193,22,1,621,1,2,0
36968898,47,2,811,1,0,0
34474983,22,2,377,0,2,1
35999533,55,2,638,1,2,0
16716695,38,1,808,1,1,0
26883825,34,0,537,1,0,0
26190239,40,0,433,0,1,1
26390485,38,3,491,1,0,0
19882750,30,3,655,1,1,0
13616410,45,1,577,1,2,0
12192257,22,4,317,1,1,1
45167705,45,0,823,0,1,1
29460368,53,3,479,0,2,1
23130343,56,0,422,1,1,1
42869792,51,1,545,0,2,1
26850677,34,1,672,1,0,1
2498863,21,4,350,0,1,1
27533478,36,4,370,1,2,1
28658609,23,1,779,1,2,0
35059736,55,3,318,1,1,1
11185687,26,0,383,1,0,1
32024204,45,2,454,0,1,1
16900027,33,4,656,1,2,0
24268806,54,2,742,0,0,0
8512440,28,3,368,1,1,1
14431395,41,4,822,1,2,0
8099628,54,2,442,1,1,1
31093907,24,3,491,1,0,0
42110400,45,0,686,1,0,0
38253447,35,3,677,1,0,0
28451949,24,4,834,1,0,0
18722573,32,1,592,1,0,0
44392022,52,0,308,0,1,1
4503771,52,2,570,1,0,0
5177825,48,4,686,1,0,0
2996161,33,1,392,0,2,1
6183839,51,3,828,0,0,0
2666326,34,1,453,0,2,1
2649150,40,4,704,1,2,1
22153173,38,4,448,0,2,1
2118834,49,1,566,0,1,1
24725756,26,3,721,0,1,0
48422165,52,1,771,1,2,0
6422201,49,4,846,1,1,0
3079600,22,4,825,1,0,1
28191539,43,2,802,1,1,0
34576169,39,2,313,1,0,1
45381573,51,0,663,0,0,0
29447054,25,4,418,0,1,1
5503157,39,2,537,0,1,1
27050090,54,1,845,0,2,0
10849851,30,3,468,1,1,0
30425184,45,1,821,1,1,0
20762804,22,3,815,1,1,0
27417275,31,2,696,1,0,0
19781862,51,0,405,1,0,1
33020227,35,1,384,0,0,1
22644716,29,1,513,0,2,1
31549535,43,1,420,1,2,1
2449395,39,3,431,1,2,1
23921117,29,2,496,0,0,1
42308782,55,1,318,1,1,1
33530803,41,1,311,1,2,1
35266319,29,0,380,1,2,1
32503180,48,0,629,1,0,1
5379569,27,2,691,1,2,1
4900603,36,2,606,0,1,0
46910237,36,4,566,1,0,1
44165906,53,0,746,0,0,0
37201143,24,4,740,1,1,0
24364990,24,3,301,1,1,1
8319707,59,4,819,1,1,0
43522233,37,1,608,1,2,0
3423286,57,4,821,1,1,1
5695961,59,2,768,1,0,0
43771748,49,3,511,1,1,0
42902772,56,1,411,1,0,1
13802429,58,4,307,1,0,1
35737494,59,3,776,0,2,0
29657342,57,3,759,1,1,0
38396424,55,1,552,1,2,0
6294539,27,4,825,0,1,0
13609076,47,3,737,0,1,0
8095929,48,3,535,1,1,0
40498937,42,0,605,0,1,0
2803328,34,3,777,1,1,0
22840174,27,0,319,1,0,1
3043233,57,4,515,1,0,1
25245919,42,4,434,0,1,1
12100349,25,4,428,1,0,1
2529525,22,2,709,1,2,0
49205976,47,4,721,1,2,0
18953831,41,3,593,1,2,0
9474447,58,1,545,1,1,0
6601020,35,0,385,1,1,1
17126502,41,2,674,1,0,0
5699391,30,4,745,1,0,0
34122302,43,4,677,1,0,1
12074901,59,1,689,1,2,0
5612610,25,1,350,0,2,1
17192217,21,2,541,0,2,1
12292658,33,0,593,1,2,0
35698788,41,4,565,1,0,0
48341205,46,2,419,1,1,1
30766157,41,3,547,1,1,0
3748014,38,3,369,0,2,1
42711152,57,2,356,1,1,1
48216125,52,4,681,0,1,0
4288627,56,2,338,1,1,1
16840260,37,4,742,1,2,0
25295179,55,1,317,1,0,1
8597519,31,2,651,1,0,0
19541337,41,4,597,1,1,0
33099311,46,2,582,1,0,0
45112788,24,2,409,0,0,1
22279846,54,4,479,0,2,1
12970723,38,4,843,1,2,0
7698848,55,0,324,1,1,1
41293284,49,2,356,1,1,1
35843222,49,3,479,1,1,0
7084921,58,2,531,1,2,0
29810313,41,2,642,1,0,0
45351876,33,4,776,1,2,0
48787763,37,2,754,0,2,0
5693305,29,2,531,0,0,1
15470137,21,3,588,1,0,0
6466271,22,4,512,0,1,1
36907127,49,2,557,0,0,1
12495300,53,1,829,0,0,0
30709379,30,0,528,1,0,0
29814927,41,3,525,1,0,0
36654999,48,2,734,1,1,0
29451727,31,1,701,1,1,0
9706358,54,2,387,1,0,1
30997889,28,2,841,1,0,0
48756336,42,4,608,0,1,0
35603547,28,4,642,0,1,0
34859007,35,4,735,1,0,0
13726298,37,1,476,1,2,0
19498963,43,2,438,1,1,1
24734731,44,0,493,1,1,0
48673570,39,3,485,1,1,0
13438459,25,4,517,0,0,1
17033888,52,4,463,0,0,1
24024096,21,2,460,0,1,1
36958762,43,2,824,0,0,0
19028708,57,1,341,1,0,1
6035851,28,1,509,0,1,1
49685442,33,4,574,0,0,1
36045504,28,2,578,1,2,0
36641312,43,0,550,1,0,0
48642343,21,3,609,0,0,0
17287338,44,2,439,0,1,1
37610155,55,2,845,1,1,0
37803420,44,1,829,1,2,0
31469068,37,3,356,1,0,1
32185054,25,4,411,1,2,1
11702701,40,2,304,1,2,1
13153281,41,4,709,1,1,0
35127676,51,2,713,1,0,0
4976242,56,4,481,1,1,1
40134513,31,3,312,0,2,1
49810594,35,1,638,1,2,0
38203222,39,3,558,1,1,0
39317456,27,0,389,0,1,1
29812615,48,1,549,1,1,0
46653148,25,3,554,0,1,1
6833177,25,0,407,1,1,1
43827273,50,2,784,1,2,0
34843353,52,2,557,1,1,0
10454561,28,4,581,1,0,0
47932658,30,1,387,0,2,1
4597480,58,2,503,1,2,0
39752003,52,1,315,1,0,1
25151417,48,2,450,1,0,0
41673332,37,4,553,1,2,0
21699313,51,3,487,1,1,0
18934380,28,4,628,1,2,0
12617244,45,0,843,0,2,0
36086263,29,2,696,1,0,0
4989475,22,0,816,1,2,0
30372244,35,0,758,1,1,0
5369720,23,1,629,0,0,0
6711075,56,2,468,0,2,1
25899529,24,0,665,1,2,0
8854500,34,3,477,1,1,0
4640328,45,0,661,1,2,1
27856919,30,3,339,1,2,1
44776767,41,1,715,1,2,0
28328752,56,0,654,1,2,0
29348975,32,4,554,0,1,1
13552291,47,1,442,1,2,1
2070640,22,3,310,0,2,1
48333926,33,1,325,1,2,1
12389599,52,0,720,1,0,0
35249942,51,2,520,1,1,0
40149309,36,2,795,1,0,0
20132747,52,3,536,1,0,0
32575984,52,3,536,1,1,0
36229942,54,2,518,0,0,1
5741196,31,3,786,1,0,1
25767318,30,1,760,0,0,0
21511512,35,4,443,1,1,1
18583522,37,4,488,0,2,1
42260456,38,1,554,0,1,1
13720477,29,4,367,1,1,1
15217648,45,0,635,1,1,0
24558781,34,1,708,1,0,0
34425301,45,3,599,0,2,1
5264908,42,1,656,1,1,0
23037754,50,2,555,0,1,1
28778642,40,3,652,1,2,0
30391011,41,2,820,1,2,0
48547339,52,3,823,1,2,0
25263676,41,4,583,1,0,0
16573458,55,1,611,1,2,0
49911176,52,0,398,1,0,1
31264326,50,3,496,1,1,1
17787803,59,3,781,1,0,0
23023454,32,2,525,1,2,0
48977874,38,4,664,0,0,0
39154297,41,2,667,1,2,0
31365614,33,2,374,1,0,1
24159503,41,4,341,1,1,1
49010676,28,0,721,0,0,0
39327243,27,2,480,0,1,1
4317336,43,2,844,1,2,0
31326259,52,3,370,1,1,1
4763642,31,4,404,0,2,1
43244116,42,1,499,1,2,0
12198499,42,0,400,1,1,1
39342772,45,0,606,1,1,0
46362902,42,4,676,0,0,0
2197775,48,3,698,0,0,0
37940920,49,3,520,1,1,0
19564710,33,4,481,0,1,1
40887092,38,3,606,0,1,0
45144233,22,0,821,1,1,0
25614649,49,0,695,1,2,0
47886374,41,1,303,0,1,1
13398366,35,4,580,0,1,1
40638201,47,2,514,0,1,1
19310852,51,2,719,0,1,0
13426978,35,1,400,1,2,1
32773482,43,1,820,1,0,0
13624266,44,3,608,1,0,0
35036945,33,1,809,1,0,0
12164811,42,1,362,1,0,1
4276360,57,2,525,0,0,1
39962681,53,3,404,1,2,1
39980651,23,1,724,1,0,0
34185232,39,1,554,1,2,1
33665404,43,3,728,0,2,0
46477669,49,4,733,1,0,0
27691654,50,3,506,1,0,0
20109613,59,2,327,1,0,1
18434343,45,4,635,0,1,0
46079273,57,0,368,1,2,1
27884040,28,3,812,1,0,0
42201137,36,2,466,1,1,0
7462810,28,4,667,1,2,0
15388409,21,3,550,0,1,1
27683137,25,1,469,0,1,1
15846020,23,3,389,1,0,1
30830884,21,0,745,1,2,0
11726290,24,3,593,0,1,1
15659783,55,4,449,1,2,1
18164204,52,4,431,1,0,1
25020885,54,3,732,0,2,0
3286643,45,4,358,1,1,1
11922192,30,1,498,1,1,0
43869822,41,3,514,1,2,0
8200646,59,1,771,1,1,0
8983896,47,1,546,1,1,0
16509187,47,2,681,0,1,0
29780899,22,3,538,1,0,1
7409861,33,4,666,0,0,0
23716219,29,1,467,1,1,1
25088542,56,2,350,0,2,1
14831595,42,3,679,1,0,0
10415398,46,3,773,1,2,1
12080346,32,0,379,1,1,1
2448345,37,0,666,0,1,0
11137682,34,1,760,1,2,0
9827494,34,0,838,1,0,0
37433922,54,1,751,1,2,0
17814828,40,4,763,0,2,0
40538877,31,1,777,1,1,0
42494137,36,0,719,1,0,0
30341907,51,4,513,0,2,1
42557019,26,0,668,1,0,0
8742471,39,1,413,1,1,1
37009340,57,2,802,1,0,0
46196734,24,3,610,1,1,1
38873576,24,0,768,1,0,0
44248102,40,1,343,1,2,1
41360898,30,4,714,1,1,1
24521804,44,0,545,1,2,1
15449563,55,0,383,1,1,1
40858941,46,3,506,1,0,0
43222648,57,1,450,0,0,1
40503931,58,2,827,1,1,0
21164528,41,4,464,1,1,0
22471192,59,1,444,0,1,1
41617335,41,4,336,0,0,1
22812709,30,0,632,1,1,0
45368581,58,3,702,1,1,0
24480953,24,3,713,1,2,0
41301804,40,2,344,1,1,1
6848287,37,3,701,0,2,0
41213228,27,0,505,1,2,0
45750190,24,2,361,1,2,1
4225300,49,1,719,1,0,0
13889876,34,3,767,0,2,0
38892874,23,2,318,1,1,1
14842659,44,0,664,0,0,0
31975778,57,4,599,1,0,0
35978002,36,4,306,1,0,1
4373139,24,0,727,1,0,0
34095633,44,0,416,0,0,1
44801198,54,4,806,1,0,1
20892008,50,2,845,1,0,0
37427853,38,4,624,1,2,0
8081950,39,0,354,1,1,1
12986868,51,3,341,1,1,1
42480309,39,1,596,1,2,0
28582901,39,3,530,1,2,1
41521538,42,3,752,1,0,0
47238927,44,0,693,0,0,0
13706838,32,4,821,1,2,1
40673354,50,2,657,1,0,0
25954761,58,3,743,0,1,0
49196943,51,4,427,1,1,1
18736613,56,2,704,1,0,0
12873803,39,3,691,1,0,0
48203547,56,2,492,1,0,0
34362868,50,4,377,0,1,1
4667867,53,1,384,1,0,1
28729123,38,4,329,0,2,1
47412441,48,0,348,1,0,1
43241273,31,2,444,0,2,1
47718843,53,1,368,0,0,1
25755953,37,2,357,1,0,1
3344027,26,2,778,1,1,0
6166500,24,3,744,1,2,0
26244264,40,0,595,1,2,0
44734307,47,2,470,0,2,1
9884479,35,4,446,0,1,1
2497562,26,4,783,1,2,1
47791733,34,3,605,0,1,0
6578238,31,0,745,1,0,0
22814992,59,0,520,1,0,0
23288948,29,4,677,1,2,0
7562067,46,1,565,1,0,0
40791628,36,3,394,1,0,1
24903535,25,3,561,1,2,0
29345820,30,4,370,0,0,1
37154828,23,4,518,0,2,1
22088365,33,1,832,1,2,0
45109628,50,1,391,1,0,1
15021573,26,0,426,1,0,1
46620658,37,3,379,1,0,1
31933823,39,3,537,0,0,1
15046468,55,4,671,1,0,0
19352494,46,0,785,1,1,0
21857417,25,3,324,0,0,1
48615351,49,0,455,1,1,0
9136029,57,0,816,0,2,0
30728561,40,4,829,1,0,0
22241658,41,0,356,1,0,1
38869124,30,1,318,1,0,1
48136438,25,1,683,1,2,0
23496823,56,2,492,1,1,0
8285088,26,4,536,1,1,0
14460255,46,2,686,1,0,1
5912942,24,1,725,1,0,0
44055856,59,2,576,1,0,0
9468810,59,4,526,0,0,1
3635156,55,4,622,1,2,1
27301054,21,0,452,0,0,1
12155224,44,3,536,0,2,1
7001045,56,0,354,1,0,1
6463418,26,4,735,1,1,1
30267184,51,1,408,0,1,1
45824588,40,1,483,1,0,0
6345760,44,0,667,1,0,0
25930984,45,4,497,1,2,0
38805730,56,1,670,0,0,0
40019582,41,4,672,1,0,0
35423744,50,1,796,1,0,0
42804335,44,4,500,1,1,0
24966789,50,2,808,0,2,0
20100699,42,4,621,0,1,0
3722320,48,4,574,1,2,1
15298372,27,0,510,1,1,1
31702914,55,2,803,0,0,0
38750772,48,3,417,0,1,1
32170134,34,0,341,1,1,1
16441444,30,3,614,0,2,0
33657524,36,1,628,1,2,0
33206052,36,3,316,0,1,1
32413513,51,4,582,0,2,1
27329097,45,3,557,1,2,0
14243026,33,0,318,1,2,1
30818516,26,0,828,1,2,0
10247752,29,3,722,1,2,0
19864557,56,0,765,1,1,0
8195200,40,0,672,1,2,0
5977266,38,3,380,0,0,1
41113388,41,2,847,1,1,0
19620739,24,2,723,1,1,0
44489277,53,1,728,1,1,1
15832640,47,0,687,0,2,1
32061031,27,3,503,1,0,0
39594911,26,0,495,1,2,0
2092193,35,4,584,1,1,1
15088862,38,0,495,0,1,1
19964103,52,0,606,0,1,0
30173862,31,2,313,1,1,1
22112033,40,3,445,0,2,1
34043445,44,0,356,1,0,1
30747893,35,2,509,1,0,0
15943554,27,1,828,0,1,1
21492730,41,2,643,1,0,0
48824753,46,2,578,1,1,0
38213003,34,2,508,1,1,1
18689088,57,0,634,0,0,0
23611573,41,0,587,0,1,1
46166109,38,1,551,1,0,0
9102173,25,4,564,0,1,1
47388538,23,4,570,1,0,0
40720111,43,4,718,0,1,0
24064334,46,1,510,1,0,0
16681316,57,4,664,1,1,0
48963540,44,4,375,1,1,1
6100673,39,2,620,0,1,0
37088458,45,0,732,1,0,0
44258866,41,0,408,0,2,1
35881791,32,2,821,1,1,0
31367077,53,2,346,0,1,1
8953757,24,2,678,1,0,0
36104654,27,0,395,1,1,1
34843745,42,4,402,0,1,1
21350835,53,2,445,1,1,1
4453752,37,1,326,0,1,1
12320855,44,2,829,1,2,0
20130254,54,3,381,1,2,1
27416699,48,2,727,1,1,0
6657693,59,0,778,1,1,0
36262121,42,2,461,0,1,1
14836402,37,3,701,1,2,0
45558992,54,1,807,0,2,0
29696003,26,4,337,1,0,1
28722441,26,2,810,1,0,0
22240567,54,3,692,1,1,0
35248585,21,3,793,0,1,0
16142224,30,1,499,1,2,0
37409403,41,0,554,1,1,0
18045907,25,2,478,1,1,0
27816023,22,3,846,0,2,0
37403828,42,1,688,0,2,0
17734209,22,4,697,0,2,0
4691276,30,3,457,1,2,0
27794685,54,1,303,0,0,1
38081386,36,0,466,1,2,1
8549546,59,0,767,0,2,0
26784623,42,3,708,1,1,0
27827438,32,3,711,1,1,0
18663288,44,2,503,1,1,0
32039702,58,1,493,1,0,0
15081782,30,3,534,0,2,1
30523343,55,2,449,0,2,1
43555914,52,2,458,0,0,1
45669391,27,3,578,1,2,0
3072647,41,0,703,1,1,0
37185539,40,1,610,1,0,0
44971495,46,1,367,1,2,1
40660995,24,0,762,1,0,0
10234679,42,3,387,1,0,1
25240984,35,1,516,1,2,0
28471618,41,3,300,0,1,1
24383810,35,3,434,1,2,1
20727583,42,2,650,1,2,0
3910705,48,0,439,1,1,1
37156028,34,3,432,1,2,1
22568697,47,4,477,1,2,0
23900338,48,0,657,0,2,0
43311634,46,1,679,1,0,0
41902996,22,2,749,1,0,0
7723601,45,1,762,0,0,0
18618153,23,1,407,1,2,1
24056764,28,0,421,1,1,1
4382357,53,1,316,1,0,1
47430164,55,3,495,0,1,1
9904069,26,1,626,1,2,0
15630084,59,2,617,1,0,0
34872680,43,2,778,1,2,0
15781337,45,4,551,1,1,0
17428653,39,2,802,1,0,0
23023265,25,1,418,1,0,1
18099248,31,2,797,1,0,0
16677069,32,0,785,1,0,1
10480473,30,2,344,1,1,1
14433196,28,3,613,0,0,0
41010202,44,0,478,1,2,0
36626632,48,4,717,1,0,0
12889464,56,3,377,1,1,1
14457080,57,1,625,0,0,0
3222869,41,1,656,1,1,0
17608046,28,1,715,0,1,0
5125354,29,3,814,0,2,1
11818159,35,3,513,1,0,0
13145552,38,3,373,1,0,1
40337315,40,0,808,1,0,0
42056064,26,0,631,0,2,0
29453447,32,1,392,1,2,1
17152994,22,2,818,0,1,0
10083123,27,1,568,1,1,0
28733262,36,4,675,1,1,0
24937902,23,0,303,1,2,1
49661694,23,3,437,1,2,1
11306167,47,0,530,0,2,1
2635605,58,3,828,1,1,0
9479821,53,4,351,0,2,1
40138329,48,4,624,1,1,0
44758171,21,0,576,1,1,0
42968150,28,3,835,0,0,0
2067661,57,4,785,1,0,1
42414423,52,1,815,1,0,1
9585153,57,1,451,0,1,1
25335437,24,3,782,0,0,0
32554810,50,0,558,0,0,1
12466615,26,4,623,1,0,0
36861938,39,0,467,1,2,0
45914246,52,1,609,0,1,0
21678830,29,4,778,0,0,0
4966422,32,0,355,1,2,1
5708654,31,2,772,1,2,0
35672465,36,3,595,1,2,0
44573305,21,3,760,1,0,0
46653349,41,2,623,0,2,0
7872354,50,1,440,1,1,1
30084082,33,4,561,1,2,0
36769934,54,3,719,0,2,0
49756479,24,2,540,1,2,0
17540184,48,2,654,1,2,0
15014646,58,1,479,1,1,0
11810404,51,1,365,0,0,1
46705819,47,0,647,1,1,0
21096265,25,3,470,1,1,0
8292518,45,0,773,1,0,0
43142200,23,2,833,1,2,0
37747046,53,4,666,0,0,0
49585365,24,4,406,0,0,1
19547389,45,1,738,1,1,1
46612395,40,4,526,0,0,1
24419480,54,4,743,1,2,0
33041091,46,4,741,1,1,1
36021442,25,2,695,1,2,0
37209448,55,4,383,1,1,1
48523537,48,4,312,1,2,1
39775470,49,4,792,0,0,0
28089699,29,0,567,1,0,0
27153646,58,2,824,1,0,0
12511829,26,1,419,1,2,1
39435425,39,0,652,0,1,0
48674542,31,3,356,1,1,1
49521543,22,2,339,0,1,1
38122535,29,2,635,0,0,0
44024304,41,3,472,0,2,1
10411883,44,3,846,1,1,1
13082322,54,3,558,0,2,1
18203305,42,1,816,0,1,0
12848680,23,4,822,0,0,0
42036964,32,2,416,0,2,1
17922693,48,4,483,1,1,0
40750899,50,4,415,0,1,1
24730009,46,3,461,0,1,1
37555041,41,1,842,1,1,0
44855866,48,0,536,1,0,0
11192300,46,1,365,1,1,1
11549765,53,4,369,1,1,1
14248352,41,1,746,0,0,0
34359860,55,3,715,1,1,1
36499221,54,0,831,0,2,0
30272916,38,3,740,1,2,0
27691717,31,0,763,1,1,0
16752367,43,4,695,0,0,0
21032579,42,0,694,1,0,0
32354781,37,0,625,1,0,0
43930173,25,0,390,1,1,1
18514877,31,1,369,1,1,1
40611293,50,1,465,1,2,0
8436446,35,4,513,0,0,1
39703319,47,0,634,0,1,0
28372918,55,2,668,1,1,0
11057014,53,4,348,1,1,1
22446082,40,0,351,1,0,1
40166770,36,0,588,1,0,0
13242014,54,1,538,1,2,0
19810471,22,4,432,1,0,1
42636644,55,0,465,1,1,0
13441374,48,0,673,1,2,0
27706501,59,4,672,1,0,0
33055169,26,2,777,1,0,0
5094235,29,4,778,1,0,0
49870026,40,4,599,0,0,1
28337283,21,2,381,1,1,1
24763342,28,4,386,1,0,1
21636869,43,0,524,1,1,0
29132021,23,4,315,1,1,1
35942384,24,2,657,1,1,1
29375197,45,3,462,0,2,1
19807333,58,4,813,1,1,0
37912253,35,1,649,1,0,0
34216504,41,0,763,1,2,0
44468174,55,0,674,0,0,0
18263882,34,1,391,1,1,1
41138695,56,1,480,1,0,0
35799193,32,4,600,1,2,0
46914860,37,1,488,1,2,0
18612651,59,3,613,1,0,0
10386180,29,2,792,1,0,0
35618755,55,1,427,1,0,1
17296274,33,1,818,1,2,1
34686304,35,3,725,0,1,0
10040979,38,0,486,1,0,0
36508912,53,0,849,1,1,1
25458350,26,4,752,1,2,0
19631232,47,3,770,1,0,0
7347417,43,2,523,0,0,1
11253517,47,2,453,0,2,1
33699263,54,3,650,1,0,0
41364133,58,2,446,0,1,1
15371172,34,0,648,1,2,0
28216317,56,2,481,1,2,0
45548158,28,2,478,1,0,0
36970444,55,3,338,0,2,1
7752810,39,3,302,0,0,1
2571650,50,2,363,1,0,1
23253792,34,1,328,1,2,1
44328965,40,3,671,1,0,0
38418225,45,4,822,1,1,0
6909047,44,4,396,1,1,1
42435721,34,0,741,1,0,0
9422212,46,2,502,1,1,0
5757974,58,1,710,1,0,0
10791689,43,0,320,0,1,1
25988395,42,2,401,0,2,1
44321932,39,3,345,1,0,1
43846355,23,4,365,1,0,1
21931456,39,1,463,0,0,1
43350756,29,4,410,0,0,1
13643208,48,3,637,1,0,0
45928336,40,2,422,0,0,1
33443720,27,3,746,1,2,0
10112074,34,3,590,1,2,0
20967438,29,4,711,1,1,0
14138391,39,1,580,1,0,0
26012790,34,3,342,1,1,1
23982813,58,4,785,1,1,0
34874288,56,1,350,1,2,1
31967940,37,2,509,1,1,0
12713405,50,2,425,1,2,1
11742257,29,0,791,0,1,0
49515508,53,4,808,0,0,0
30151242,45,1,557,0,1,1
5609736,34,3,487,0,2,1
10060833,31,2,529,1,2,0
42192587,55,1,488,1,2,0
20161634,34,4,714,1,1,0
19163810,50,0,309,1,1,1
21646976,24,2,413,1,2,1
30972327,24,1,375,1,0,1
14225855,48,1,801,1,0,0
7238331,28,1,384,0,1,1
3135964,22,4,348,0,1,1
4155748,42,4,794,1,2,1
13433787,36,4,686,1,1,0
33808285,49,3,688,0,1,0
36427604,50,1,517,0,2,1
10910852,32,2,645,1,2,0
7655378,55,4,529,0,1,1
40428026,31,4,554,1,0,0
39617741,41,1,535,1,1,0
33956377,41,4,325,1,0,1
8941245,25,3,560,1,0,0
17876696,40,3,570,1,0,0
11451244,57,4,422,1,2,1
45729961,23,1,556,1,2,0
9817304,53,1,720,1,2,0
49704465,29,1,558,0,1,1
19606951,29,0,346,1,2,1
9021862,24,4,824,1,2,0
47773415,55,1,507,1,1,0
10351245,37,3,610,1,1,0
40837023,54,2,448,1,0,1
43037490,44,2,737,0,1,0
21339685,52,1,454,1,1,0
38640608,21,2,389,1,2,1
7345854,28,2,657,1,0,0
13683982,43,0,473,1,0,0
40438112,32,3,516,0,1,1
5681262,32,3,755,1,2,1
40187510,35,0,498,0,2,1
4609089,39,0,785,1,2,0
19691444,46,2,832,1,2,1
2953959,49,4,499,0,1,1
46132455,42,2,670,1,2,0
34311218,41,0,747,0,0,0
43459909,58,3,547,0,0,1
12016389,40,2,563,1,1,0
22146754,49,4,357,1,2,1
13630982,24,2,601,1,2,0
31122503,27,1,330,1,2,1
28704425,48,2,797,1,2,0
47014515,48,0,548,1,1,0
17586926,24,3,570,0,2,1
47946524,42,3,693,0,1,0
49453472,32,0,801,1,2,0
11496563,23,1,383,1,2,1
32433757,42,0,664,1,0,0
16034150,22,2,848,1,1,0
47745050,44,0,641,1,0,0
33556003,54,0,706,0,1,0
49458853,47,1,724,0,2,0
12321336,21,2,392,1,2,1
18559100,28,4,711,1,1,0
43108406,43,4,731,1,0,0
12750240,58,3,458,0,1,1
11803005,26,0,313,1,1,1
8097091,42,3,672,0,2,1
33738453,45,1,524,0,0,1
48982977,38,4,804,1,1,0
43259524,37,0,372,0,0,1
9583354,32,1,548,1,0,0
21908425,26,1,810,0,1,0
41367797,46,0,515,1,0,0
39612325,47,1,840,1,2,0
24468492,28,0,519,1,2,0
7397662,39,0,520,1,2,0
18413486,21,2,688,0,2,0
13606243,49,3,341,1,0,1
18643948,55,1,582,1,2,0
12688727,34,1,357,0,1,1
45842483,55,2,836,1,2,0
30614327,40,2,372,0,1,1
11828366,33,2,428,1,1,1
3805468,58,4,725,1,2,1
38982407,28,4,424,0,2,1
41910660,40,4,366,1,0,1
10514716,53,0,305,1,1,1
47103150,46,1,613,1,2,0
13618627,59,3,625,1,0,0
17043403,41,0,805,1,2,0
28873516,29,1,381,1,2,1
7525633,44,1,301,1,2,1
4244702,57,2,503,0,1,1
22154994,37,2,703,1,2,0
29695858,44,0,402,1,0,1
14920739,41,2,835,1,2,0
9726890,59,1,667,1,2,0
24674714,59,2,511,1,0,0
10357956,33,4,508,1,0,0
43758730,31,2,416,1,1,1
27554173,39,1,777,1,1,0
11451337,31,0,404,1,1,1
24620709,33,3,794,1,1,0
38940933,21,2,345,1,0,1
45922119,39,1,630,1,2,0
9395350,32,3,515,0,2,1
40142766,28,3,791,1,2,0
30688729,28,4,748,1,1,0
44019117,32,3,835,0,0,0
25945578,53,1,810,0,0,1
26062169,46,1,757,1,0,0
36809996,59,2,846,1,2,1
27291709,48,2,835,1,1,0
32256337,25,2,839,0,0,0
10930264,28,3,783,0,1,0
27836512,45,3,315,1,0,1
12673774,47,4,542,1,1,0
33549031,43,2,506,0,0,1
45994571,50,0,570,1,1,0
38346859,43,4,414,1,0,1
13309411,40,0,598,0,0,1
41302467,38,3,782,0,1,0
39944452,38,4,696,0,1,0
4681719,22,4,693,1,2,1
33772452,24,1,374,1,1,1
19667911,50,3,781,1,0,0
48137470,53,3,402,1,0,1
26144880,56,4,596,1,1,0
29580296,38,3,477,1,2,0
11688053,57,4,514,1,1,0
10887324,39,1,614,0,0,0
47084109,48,4,338,1,0,1
17863509,40,3,558,1,2,0
21053322,53,3,306,1,1,1
18591661,32,4,348,1,0,1
8575716,35,4,837,0,0,0
4002324,59,4,460,1,0,1
41816537,22,2,475,1,1,0
48270061,49,3,301,1,1,1
42225750,30,3,754,1,2,0
19271808,22,2,575,1,0,0
47188926,31,4,797,1,0,0
15799990,33,1,327,1,2,1
39132658,30,4,632,1,0,0
37981972,34,4,300,1,2,1
20492846,38,2,487,1,2,0
35872840,29,3,355,1,0,1
44411316,59,4,846,1,1,0
32375048,48,3,411,0,1,1
12543305,23,0,609,0,1,0
27677235,40,3,335,1,1,1
30088632,26,1,738,1,0,0
21894388,47,1,624,1,2,0
44827417,22,4,606,1,2,0
25081896,49,3,833,0,0,0
23012258,58,4,408,1,1,1
34399934,23,2,671,1,2,0
37453171,36,1,656,1,0,0
28395160,50,4,480,1,0,0
19794649,22,2,655,1,1,0
6661029,37,4,367,0,0,1
13149697,32,3,591,1,2,0
15757649,55,3,480,0,2,1
15427105,21,3,765,1,0,0
40410879,35,3,733,1,2,0
27146282,46,0,763,1,0,0
8857658,57,2,833,1,2,0
29915002,41,2,365,1,1,1
2996530,51,3,320,1,2,1
21378839,45,0,683,0,1,0
41785651,43,3,338,1,1,1
13292148,44,0,584,1,0,1
38919127,58,3,635,1,1,0
14966064,48,1,487,1,2,0
12580030,41,1,542,0,2,1
33199893,38,4,372,0,1,1
7786265,56,3,778,1,0,1
43041777,55,2,400,1,1,1
33299028,29,4,813,1,2,0
28461126,58,1,475,1,2,1
31168464,50,3,537,0,1,1
36124883,54,4,358,1,1,1
27185640,52,3,398,0,1,1
36521776,23,1,794,1,2,0
46798099,23,4,813,0,2,0
37966581,48,1,596,1,2,0
7398869,35,0,510,0,0,1
33029723,43,1,422,1,2,1
18405566,31,3,528,1,2,0
11427504,52,2,687,1,0,0
13686214,56,1,439,1,0,1
9022336,53,2,840,1,0,1
21655820,44,0,690,0,0,0
30746717,59,4,569,1,0,0
23105074,54,4,311,1,0,1
31122426,48,2,688,0,1,0
14485559,57,4,636,0,1,0
33908562,27,1,805,1,1,1
26210749,24,2,405,1,1,1
10652831,57,3,331,1,2,1
15691164,21,1,373,1,0,1
24761900,21,1,470,0,2,1
13707868,40,1,368,0,0,1
16246173,39,3,661,1,0,1
38248719,49,0,732,0,2,0
12055079,30,4,399,1,1,1
42066066,38,2,308,1,2,1
15781009,48,0,328,0,2,1
44531405,55,2,413,1,0,1
48962034,51,4,761,0,0,0
2703662,47,3,442,1,0,1
39646529,31,1,689,0,1,0
15769205,58,1,456,1,2,0
16013403,25,3,634,1,2,0
45542641,28,0,559,1,1,0
41648899,54,0,381,1,2,1
45177856,32,2,740,0,2,0
28791175,58,3,471,1,0,0
12353564,21,0,530,1,1,0
39003110,51,3,374,1,0,1
15942402,24,4,569,0,1,1
30676873,25,1,361,1,0,1
23988809,50,1,619,0,2,0
31229010,44,1,401,1,1,1
16493549,23,3,728,0,1,0
49044769,31,3,554,1,0,0
12669435,24,2,831,0,1,0
18642016,46,1,411,1,2,1
43924694,47,2,612,1,2,0
45728950,47,1,760,0,2,0
34722310,26,2,761,1,0,0
13484508,35,2,391,0,1,1
9449607,50,4,351,1,0,1
22820280,57,2,819,1,2,0
15839094,57,3,397,1,1,1
18701250,57,2,535,1,2,1
38992982,55,1,673,0,1,0
2076218,43,2,533,1,1,0
25656190,26,0,331,0,0,1
19547260,24,1,588,1,1,0
7579079,38,0,841,1,2,0
46489781,29,1,413,1,1,1
49872760,49,3,503,0,2,1
15061358,33,3,328,1,0,1
31822180,37,3,773,1,2,0
30645954,52,0,552,0,1,1
44290779,42,4,685,1,2,0
18354286,24,1,361,1,2,1
10860935,25,3,814,1,1,0
26444321,57,1,729,1,2,0
38249378,33,0,836,1,1,0
39783647,54,4,440,0,0,1
20699351,42,0,599,1,2,0
17105101,43,1,610,0,0,0
42576287,23,4,770,1,2,1
44842925,54,4,692,1,2,0
10997354,52,0,744,1,0,0
42906639,41,3,471,1,2,0
30168643,41,1,330,0,2,1
31677043,31,2,346,1,0,1
3962165,59,2,429,1,2,1
9985620,24,0,651,0,1,0
2611213,21,1,357,1,2,1
26527791,48,1,405,1,2,1
39795793,44,0,629,1,2,0
37393865,55,1,682,0,0,0
33712006,33,3,461,1,1,0
8569632,54,0,585,0,1,1
22449430,31,3,370,0,2,1
20803796,56,1,753,0,0,0
48846098,37,0,696,0,0,0
43061756,55,1,814,0,1,0
8202258,38,0,325,1,0,1
23116451,42,1,612,1,2,0
11880860,44,3,425,0,2,1
5526737,39,3,707,0,0,0
10790529,57,1,497,1,2,0
20786176,59,0,487,1,1,0
23232430,41,2,783,0,2,0
35246730,28,3,749,0,0,0
42473321,48,3,822,0,1,0
22153729,25,2,653,0,2,0
17823554,37,1,399,0,1,1
14790902,57,0,577,1,0,0
12473867,56,1,790,0,2,0
12864147,39,4,554,1,2,0
8193956,47,3,680,0,1,0
15579173,54,4,841,1,2,0
37259647,31,3,563,1,2,0
24214365,32,3,628,1,2,0
16529416,41,4,414,1,2,1
9271476,31,4,575,1,0,0
5266402,59,1,787,1,2,0
49044083,48,4,580,1,1,0
26899065,25,1,574,1,0,0
22886096,37,1,627,1,1,1
41054025,40,1,510,1,1,0
16072989,32,3,325,1,1,1
15126263,26,3,326,1,0,1
6261946,37,4,382,0,0,1
18867309,39,3,712,0,0,0
11944790,46,4,466,1,2,0
14800127,52,3,468,0,1,1
45946719,26,0,528,1,0,0
16338768,56,0,666,0,1,1
3732465,58,4,827,1,0,1
31396082,31,3,837,1,0,0
15109773,53,3,823,1,0,0
33404552,44,1,371,1,1,1
46599847,43,2,405,1,2,1
38413676,35,4,581,1,0,0
35877350,47,2,432,1,0,1
21023125,31,2,833,0,0,0
31228266,37,4,568,1,2,0
2116739,34,3,711,1,1,1
33251097,47,4,317,1,1,1
45229625,38,2,416,1,1,1
44723356,48,3,443,1,1,1
17985249,24,0,721,0,0,0
30700374,27,4,668,0,2,0
13878474,55,4,349,1,0,1
45309893,29,3,405,1,2,1
36569361,28,0,515,1,1,0
37974996,37,0,724,0,2,0
12971177,37,3,371,1,0,1
38207525,53,1,745,1,0,0
22080673,52,4,485,1,1,0
33366160,28,4,369,0,0,1
48365848,39,2,449,0,0,1
8944121,58,3,545,0,2,1
8238795,23,2,837,0,0,0
16157398,25,2,398,0,1,1
49226729,33,0,577,0,1,1
42345400,51,4,754,1,0,0
5751198,36,2,403,1,1,1
17732903,52,0,532,1,2,0
5138145,42,3,693,0,2,0
31063435,49,2,800,1,0,0
36780908,42,4,550,1,0,0
39738488,23,2,820,0,2,0
44515252,30,3,378,1,1,1
17016390,41,2,351,0,0,1
48361481,36,4,525,1,0,0
37055276,32,0,350,1,1,1
44872208,22,4,485,1,0,0
36954715,44,0,333,1,1,1
24704829,55,1,430,1,1,1
16142073,50,4,742,1,1,0
2691757,50,4,731,1,1,1
2390719,55,3,796,0,1,0
45470977,39,2,702,0,2,0
45092987,28,0,622,1,1,0
25631669,46,0,509,1,2,0
17713642,27,3,628,1,1,0
22073266,50,3,671,0,0,0
42381731,27,2,759,1,2,0
25025010,23,2,432,0,0,1
49133465,21,4,420,1,1,1
26694812,56,1,751,1,1,0
40457098,45,2,428,1,0,1
33970599,57,3,390,0,1,1
41787171,21,2,328,1,0,1
3270896,35,0,823,1,1,0
13952314,57,1,632,1,1,0
3059622,33,4,596,1,2,1
6422375,28,0,429,1,0,1
18770274,25,0,592,1,1,1
33354977,29,1,472,1,0,0
27874486,21,4,323,0,2,1
33873646,56,3,398,1,0,1
6131479,55,4,705,1,2,0
44955157,22,2,655,0,0,1
20409209,43,0,438,0,0,1
38905710,29,2,802,1,2,0
26755666,54,3,473,0,1,1
7703394,34,2,328,1,1,1
21545578,24,4,795,0,1,0
13415376,50,2,650,1,0,1
11068026,51,3,598,1,0,0
15283692,58,3,491,1,1,0
28280417,31,3,363,1,0,1
24708377,55,4,514,1,0,0
25567809,28,3,465,1,1,0
4721864,23,0,842,0,2,0
35458471,34,3,531,0,0,1
42539152,33,2,840,0,0,1
30104320,52,2,494,1,0,0
49744216,54,2,805,0,0,0
9733308,39,4,633,0,2,0
5875754,58,2,603,1,1,0
21482215,36,4,736,1,0,0
30160024,22,4,622,1,1,0
30356738,37,3,801,0,0,0
12912996,54,0,692,0,2,0
12047595,36,3,448,1,1,1
32908587,58,3,704,0,2,0
30003805,22,4,582,1,0,0
24564965,22,4,661,1,2,0
42131083,46,2,678,1,2,0
8867218,33,2,497,0,0,1
11004644,51,3,655,1,0,0
47334458,54,1,839,1,1,0
49517690,59,1,728,1,0,0
40542128,23,2,316,1,1,1
39639184,28,1,678,0,2,0
15143608,43,2,805,0,2,0
38532022,34,4,375,1,1,1
26376816,47,3,530,1,0,0
38851723,49,0,547,1,0,0
47745469,59,3,601,1,2,0
23671503,59,2,514,1,1,0
38045138,21,2,457,1,2,0
43601684,37,3,368,1,2,1
40808656,50,2,692,0,0,0
12880726,33,1,384,1,1,1
24992356,41,1,566,0,2,1
22515189,39,2,368,1,0,1
25388869,39,2,646,1,2,0
23689432,45,1,722,1,2,0
27941259,42,2,473,0,0,1
12563214,51,2,414,1,0,1
26374842,37,3,519,0,1,1
16143385,43,0,330,1,2,1
22275688,52,1,822,0,1,0
30172140,30,3,642,1,0,0
37119150,30,0,676,1,0,0
12523401,56,2,429,1,2,1
45545615,28,2,838,1,1,0
16488262,40,3,301,0,1,1
39367702,52,2,400,0,2,1
40360857,34,4,832,1,2,0
25387092,48,3,357,1,1,1
21156053,44,0,688,0,0,0
41678201,35,3,640,1,0,1
3524102,42,1,319,1,2,1
13579149,50,3,554,0,1,1
49878478,24,2,616,0,1,1
44607220,33,2,337,0,1,1
4035848,43,4,836,1,0,1
23900146,28,4,685,1,0,0
12828463,38,4,325,1,1,1
27370439,32,0,753,1,1,0
11913841,51,4,622,0,2,0
31061846,34,0,812,1,2,0
25468625,54,4,312,1,1,1
47911262,38,0,670,0,1,0
13457501,54,3,590,1,0,1
36392435,31,3,631,1,1,0
5433382,32,2,560,1,2,1
10670178,35,0,504,1,0,0
30348817,51,1,686,0,2,0
31246906,49,2,767,0,2,0
5395049,46,3,714,1,0,0
18843366,38,0,368,0,2,1
26728848,52,4,771,1,1,0
42984077,42,1,403,1,2,1
12822814,58,3,460,1,0,0
24858903,37,2,499,1,0,0
44942594,43,0,515,1,0,0
39747492,44,1,511,1,2,0
17170521,28,0,807,1,1,0
27841846,26,4,315,0,0,1
14267883,25,2,797,0,1,0
44639398,49,0,631,1,0,0
13984398,48,3,555,0,1,1
32502775,31,2,471,0,1,1
37396080,21,3,797,0,1,0
32715395,39,0,770,1,0,0
42686940,29,2,683,1,2,0
25215061,47,3,806,0,2,0
28854296,54,4,826,1,2,0
16949772,24,4,624,1,1,0
5828433,56,0,513,0,0,1
21512480,38,2,507,1,1,0
49149071,35,1,468,1,0,0
23225964,33,2,629,1,1,0
29866537,39,4,579,1,0,0
9152747,26,3,604,0,0,0
39691702,32,1,445,1,0,1
39872354,57,0,815,0,1,0
48058665,37,1,389,1,2,1
27625121,43,0,752,1,1,0
26242589,46,1,359,1,1,1
3020154,49,0,610,0,0,0
40499601,53,0,827,1,0,0
8733215,47,1,526,1,2,0
48020191,45,1,773,1,2,0
10195810,30,0,840,1,0,0
34339834,43,4,378,1,2,1
42739629,41,1,732,1,2,0
31900787,41,2,452,1,0,0
26948764,33,3,700,1,1,1
8714301,57,0,578,1,2,0
46746736,53,0,356,1,0,1
29259197,44,3,485,0,2,1
49784180,31,4,697,1,2,0
49379179,37,3,457,1,0,0
12760888,24,1,658,0,2,0
13305231,45,3,739,1,2,0
28035947,50,0,765,1,2,0
34909688,29,3,745,1,1,0
13374857,41,2,787,1,1,0
37414014,40,1,829,0,2,0
31610323,39,3,372,0,0,1
15775236,39,0,316,1,2,1
20907101,32,1,830,0,2,0
16372528,57,0,625,0,1,0
6720642,37,4,845,1,1,1
48695565,57,2,501,1,1,0
2549239,59,4,643,1,2,1
27722525,48,2,822,1,2,0
40963185,55,3,699,0,0,0
49173924,38,1,517,0,2,1
48571160,34,3,744,1,2,0
11659072,55,2,521,1,1,0
19562548,27,2,682,0,1,0
16376941,33,2,306,1,1,1
27332296,38,0,571,0,1,1
2397710,57,1,315,1,1,1
42057648,33,3,723,0,0,0
6317048,56,3,823,0,0,0
35381719,51,4,320,0,0,1
16133434,22,2,527,1,1,0
6785956,36,2,587,1,1,0
23882940,29,2,433,1,1,1
40580196,29,3,582,1,0,0
46793211,58,4,703,1,1,0
19687991,31,0,365,0,0,1
41509310,42,1,736,1,1,0
33061293,53,0,558,1,2,0
32272855,56,3,402,1,0,1
19336140,43,2,400,0,2,1
22658401,54,1,497,1,0,1
48316696,29,3,525,0,1,1
40559430,44,3,762,1,1,0
31178419,28,3,536,0,2,1
12679043,27,1,325,1,1,1
49052359,56,1,420,1,0,1
24470291,38,4,805,1,1,0
43664348,23,4,481,1,1,1
40747710,48,0,842,1,0,0
12812658,26,1,614,1,2,0
49089005,41,1,572,1,2,0
2302186,48,1,531,1,1,0
21984609,21,4,719,1,0,0
41043896,56,3,741,0,2,0
9456985,41,2,795,1,2,0
25544744,55,4,323,1,1,1
19803769,33,1,408,1,0,1
29381509,30,4,801,1,2,0
18727556,30,0,324,1,1,1
49105796,33,1,486,0,1,1
22521013,57,0,587,0,1,1
3514542,58,1,637,0,1,0
39735088,44,4,336,1,2,1
13318792,22,3,436,1,0,1
27242722,42,2,807,1,1,0
17135763,37,0,526,1,1,0
47238137,56,4,619,0,2,0
42400624,34,3,481,1,1,0
10676924,30,4,385,1,1,1
45951994,55,0,766,1,0,0
26124905,45,2,352,1,1,1
37383985,23,4,534,1,2,0
31254481,58,1,732,1,0,1
38595773,37,3,795,1,2,0
31253634,32,4,399,0,0,1
16315679,44,3,702,0,0,0
46048098,49,1,695,1,1,0
26440805,45,2,826,1,1,0
23765239,56,2,714,1,1,0
26586222,46,1,762,1,2,0
17527000,58,3,840,1,1,0
20453059,21,4,663,0,1,0
10423309,40,1,429,1,0,1
5229028,48,0,383,1,1,1
20498826,36,3,570,0,1,1
12569320,37,2,543,1,1,0
4339767,48,1,687,1,1,0
33500922,32,2,513,1,0,0
21391451,47,3,465,1,1,0
36045468,50,2,358,1,0,1
12851224,54,1,803,1,2,0
38264673,57,3,422,1,1,1
13822411,26,0,712,1,1,0
19920169,27,1,438,0,1,1
5978702,52,4,528,1,0,0
43723416,52,1,573,0,1,1
19104132,45,3,738,0,1,0
5597706,53,1,417,1,2,1
40060986,27,0,782,0,0,0
2605409,32,0,694,1,0,0
11462743,36,4,759,0,2,0
13377787,36,2,377,1,0,1
23827621,56,3,711,0,1,0
43892167,33,3,374,0,1,1
37280122,27,2,594,0,2,1
22057988,56,0,320,1,0,1
10197295,29,0,470,1,0,0
7809041,52,1,314,0,0,1
14546501,31,4,510,1,2,0
40641700,28,4,385,1,1,1
8155579,53,4,448,1,2,1
2403119,43,1,671,1,1,1
18556827,45,4,779,1,2,1
32495692,28,2,450,0,1,1
34027216,42,1,440,1,0,1
48263335,24,2,368,1,0,1
35957164,23,1,559,1,0,0
3950013,49,4,820,0,2,1
3132658,49,2,670,0,2,0
39877058,54,2,718,1,2,0
19434167,54,2,400,1,0,1
27177127,48,1,542,1,1,0
28376033,33,3,811,1,0,0
15881178,35,4,394,0,0,1
23981132,43,2,525,1,1,1
8026988,46,3,817,1,1,0
17590661,24,4,513,1,1,0
26203479,46,4,366,0,1,1
4366610,29,2,695,1,0,0
39734735,25,2,311,1,2,1
11456807,52,1,536,0,0,1
48860379,40,3,698,1,1,0
31342048,31,3,706,1,2,0
6684346,35,2,779,0,2,0
36012730,52,4,521,1,0,0
19824559,48,2,455,1,0,0
24496936,42,4,727,1,0,0
27271052,37,4,457,1,2,0
40175082,46,2,715,1,2,0
20532908,27,0,625,0,2,0
44827096,46,3,670,1,1,0
37284660,45,4,643,1,1,0
37501225,30,4,561,1,0,0
41669950,39,0,582,1,2,0
13667877,31,1,528,0,0,1
9393979,33,0,579,1,2,0
12115078,28,0,589,1,0,0
30506244,24,4,346,0,1,1
27214698,51,3,513,1,2,0
37177004,48,0,323,1,1,1
19486878,31,1,620,1,2,1
24098345,21,2,573,0,0,1
18620937,58,0,612,1,2,0
33984287,44,0,662,0,1,0
32038378,51,1,679,0,2,0
44413492,46,3,769,1,0,0
41227037,25,0,415,0,2,1
12528294,40,0,341,0,1,1
21369886,31,3,678,0,0,0
6810833,53,1,505,0,1,1
25480675,58,0,765,0,2,0
41972097,47,3,579,1,1,0
19219277,54,0,417,0,2,1
30500556,35,2,536,0,0,1
34073692,52,4,608,0,1,0
39316107,41,2,755,1,1,1
29427110,25,0,774,1,2,0
26192961,26,1,399,1,1,1
26859871,58,4,560,1,1,0
27654796,42,2,604,1,0,0
34435245,38,3,653,1,2,0
31263888,34,1,585,0,2,1
29783527,30,2,627,1,0,0
44106078,33,3,402,1,0,1
9281505,51,0,362,1,2,1
40679227,50,3,581,0,0,1
40965695,23,2,740,1,0,0
39518167,50,2,592,0,0,1
28540396,26,0,306,0,2,1
16812143,49,3,391,1,0,1
10989138,28,3,489,1,1,0
49364509,53,0,775,1,1,0
14037574,37,3,810,1,2,0
45020873,31,0,761,0,0,0
46520680,33,1,352,0,1,1
44378463,31,2,785,0,2,0
8555035,51,1,789,1,1,0
34735803,48,4,663,0,0,1
34737614,26,4,411,0,2,1
45607261,36,4,708,1,1,0
17886372,24,0,306,0,2,1
39622748,55,3,496,1,1,0
34456981,46,1,666,1,1,0
10067987,32,1,549,1,0,0
3656671,31,1,539,1,0,0
24458851,57,1,679,1,1,1
24922481,45,4,770,0,2,0
44081603,38,1,754,1,2,0
19560282,39,3,665,1,0,0
45497663,43,4,589,0,1,1
23677072,58,1,702,0,0,0
25017995,38,0,357,1,1,1
22833173,46,2,820,1,1,0
25394704,26,2,603,1,0,0
19375113,24,2,414,1,2,1
22718453,49,4,509,0,0,1
11161408,54,1,340,1,1,1
49439893,37,4,472,1,0,0
39214417,36,3,533,0,2,1
26796429,22,0,702,1,2,1
22353727,54,0,338,1,1,1
19941166,28,2,418,1,0,1
2549148,33,2,634,0,2,0
38328139,28,2,635,1,0,0
31844218,50,1,838,1,2,0
23845218,52,3,373,1,1,1
4773939,56,3,490,1,1,0
37490172,50,3,623,0,0,0
38989387,21,3,446,1,1,1
40491142,59,2,583,1,2,0
15426716,37,0,512,0,1,1
29911050,40,2,693,1,2,0
40710304,44,3,638,1,2,1
49718021,42,2,321,1,1,1
20331726,49,3,404,0,2,1
28996639,42,4,765,1,2,1
22540338,29,0,758,1,0,1
12774986,57,4,731,1,0,0
6421590,30,1,520,1,0,0
38089369,56,2,678,1,1,1
13546081,57,1,521,0,0,1
36366893,48,2,557,1,2,1
31221379,48,4,666,1,1,0
20495440,41,3,648,1,1,0
38265058,44,3,524,0,1,1
46924392,22,2,535,1,1,0
33670310,28,3,482,1,2,0
28552476,47,4,743,1,2,0
8440010,42,3,305,0,0,1
10674163,57,4,535,0,1,1
20279553,47,1,426,1,0,1
32914222,49,4,403,0,2,1
39041101,23,0,779,1,1,1
29209162,33,0,454,0,2,1
34790042,30,0,556,1,0,1
39277378,56,2,534,1,2,0
45429245,29,2,799,1,1,0
46808939,47,2,588,1,1,0
2224695,54,4,809,1,0,1
46924507,21,2,597,0,1,1
28267668,52,1,436,0,2,1
16063918,45,0,675,1,2,0
31933317,49,4,386,1,2,1
45353746,27,0,718,1,2,0
38894648,23,2,498,1,0,0
22610500,40,4,762,1,2,0
15245696,40,3,736,1,0,1
37402297,50,1,609,0,2,0
16921595,55,2,580,1,0,0
26363941,55,2,622,1,2,1
44862524,59,1,451,1,2,0
39571568,47,1,601,1,0,0
49424280,46,3,577,1,1,0
41304715,34,2,307,1,1,1
3074961,37,2,534,1,1,0
23402894,38,0,601,0,0,0
13950571,49,4,337,0,1,1
21155151,40,4,435,1,1,1
14866619,47,0,720,1,0,0
4474968,38,4,518,1,1,1
41720592,24,1,647,0,1,1
49123764,21,4,845,0,1,0
24749774,21,4,378,1,0,1
4442266,46,0,572,1,0,0
6437677,40,3,460,1,1,0
49347699,43,4,607,1,1,0
11607366,30,4,673,0,0,0
7241218,31,3,308,1,1,1
28821567,25,0,743,1,0,0
7481140,21,3,412,0,1,1
25991831,37,0,504,1,0,0
33247234,42,1,704,0,2,0
40535694,54,0,496,0,2,1
7290717,49,1,414,0,0,1
36072781,24,1,420,0,2,1
21659206,25,0,364,1,1,1
2797968,31,2,575,1,0,0
38210403,41,0,538,1,0,0
31163439,55,4,601,1,1,0
33007736,32,4,691,0,1,1
21651515,46,2,821,0,0,0
9339838,39,1,668,1,1,0
48791381,27,2,532,1,0,0
18520181,27,4,494,0,1,1
16467188,46,2,311,1,0,1
4938199,25,0,476,1,1,0
10998604,41,2,516,1,1,0
40464208,34,1,310,1,2,1
44721553,24,0,745,0,2,0
38857821,43,3,463,1,2,0
10025407,40,4,352,0,1,1
23131601,35,4,517,1,0,0
27554414,49,2,659,0,1,0
28931806,28,0,684,1,2,0
15476005,39,3,355,0,1,1
46721695,59,0,417,1,2,1
5151882,48,4,552,1,2,0
34134444,47,0,479,1,0,0
32319320,24,3,714,1,0,0
5210016,35,2,534,1,2,0
8737320,55,1,379,1,2,1
37943815,57,0,321,1,1,1
25773962,21,1,776,1,2,1
24750760,23,4,739,1,1,0
34942480,44,2,392,1,2,1
40836811,47,2,491,1,0,0
11825144,56,0,402,1,0,1
38097069,54,2,695,1,2,0
10033951,49,0,306,1,1,1
13779534,44,0,530,1,1,0
39712981,44,1,539,0,1,1
33029339,24,2,389,1,2,1
11734816,23,0,531,1,2,0
45721639,54,1,756,1,0,0
43965471,43,3,532,1,0,0
18052465,43,1,653,0,2,1
44590048,25,1,632,1,0,0
10962049,51,0,738,1,1,0
14851424,26,4,674,1,1,0
43839392,57,4,591,0,2,1
34356072,30,4,644,1,1,0
31536204,27,1,727,1,2,0
20827165,59,0,429,0,1,1
10388512,58,2,440,1,2,1
3947763,41,1,714,0,1,0
29050901,40,1,392,1,1,1
43208934,23,0,583,0,0,1
35138881,42,3,522,0,0,1
39436581,24,1,762,1,0,0
23650278,48,3,844,0,0,0
10439469,32,3,575,0,0,1
26455289,58,4,439,1,0,1
17941617,56,0,656,1,2,0
40400142,25,3,322,1,2,1
44664041,33,0,569,1,0,0
48462256,43,4,632,1,2,0
16391234,50,0,384,1,0,1
26035962,57,1,330,0,2,1
3443717,45,3,539,0,1,1
6409352,47,0,662,1,2,0
33050824,34,2,688,1,2,0
23888358,56,0,598,1,2,0
17329502,59,3,670,1,1,0
45148703,36,4,398,1,0,1
10421928,42,4,346,0,2,1
27492849,41,3,721,0,2,0
44307399,41,1,779,1,1,0
49081137,28,1,361,1,0,1
3308507,36,4,408,1,2,1
22843837,51,4,848,0,1,0
11331795,30,3,418,1,0,1
14382318,52,1,681,1,0,0
11986298,54,4,691,0,2,0
2100734,29,1,351,1,2,1
10546310,37,4,588,1,2,0
21628490,31,0,636,1,2,0
20003027,52,2,503,1,1,0
28312911,30,0,537,0,1,1
5081091,42,4,681,1,2,0
18002437,37,2,435,0,0,1
22606265,24,2,706,1,2,0
13091989,45,4,807,1,0,0
14681730,41,4,661,1,0,0
42819838,57,1,680,1,0,0
48289704,58,4,553,1,1,0
35283771,21,3,776,1,0,0
6755469,45,4,413,1,0,1
17053770,56,3,319,1,1,1
28098641,37,4,827,1,0,1
43528843,44,1,444,1,0,1
16150540,22,3,507,1,2,0
47221400,35,0,830,1,0,0
29346162,52,3,675,1,0,0
3992825,59,1,803,0,0,1
5832978,26,3,465,0,0,1
32559798,21,4,849,0,0,0
8152941,43,4,480,1,1,0
39670243,59,1,743,1,0,0
44537644,37,2,631,1,0,0
45992967,54,4,802,1,1,0
38286070,49,0,378,1,1,1
12556086,29,1,695,1,0,0
25289643,33,3,402,0,0,1
38458065,26,3,701,0,0,0
24489029,26,0,523,1,2,0
3940369,40,4,817,1,2,1
43681557,23,1,535,1,0,0
19994276,37,0,726,0,1,0
27955176,32,4,415,1,0,1
40233146,21,1,462,0,1,1
43664130,37,3,525,0,1,1
16609307,23,1,529,0,1,1
37876898,46,2,481,0,0,1
9778748,35,1,548,1,0,0
43654364,56,2,617,0,1,0
3946830,52,1,509,1,2,0
34997728,52,2,691,1,2,0
42793419,24,3,395,0,2,1
11957168,38,4,385,0,1,1
40214493,39,2,714,1,0,0
34880340,55,2,693,0,1,0
38159646,34,3,800,1,2,0
43478073,53,2,432,1,0,1
37783612,34,0,613,0,1,0
12717207,54,3,520,1,1,0
17540627,24,0,737,0,2,0
18169764,44,3,345,1,1,1
11384451,49,2,491,1,0,0
6188891,39,0,819,0,2,0
11014653,26,2,678,0,2,0
16064147,53,3,633,1,0,0
22808635,39,2,338,1,2,1
40049943,21,0,592,0,1,1
34884400,25,0,461,1,1,0
4363999,47,2,630,1,2,0
44663528,36,1,403,1,0,1
6790691,26,3,460,0,1,1
29950196,33,3,353,1,0,1
23003105,55,2,333,1,1,1
11852415,39,1,541,0,1,1
19066318,32,0,412,1,2,1
45279777,36,4,617,1,2,0
35321714,30,4,322,1,0,1
13186361,45,2,417,0,2,1
28256629,40,1,511,1,1,1
34371979,51,1,717,1,1,1
39998210,24,3,412,1,0,1
30175911,43,0,343,1,0,1
35814548,22,1,427,1,1,1
8086368,42,4,457,1,2,0
30207970,57,0,693,0,2,0
46561177,28,0,811,1,0,0
13950831,27,2,344,1,0,1
36812381,34,1,407,0,1,1
35535574,23,2,518,1,1,0
34386345,36,1,742,1,0,0
15607851,39,3,614,0,1,0
13360589,38,2,476,0,0,1
41092598,36,2,527,0,0,1
31124900,28,4,566,0,2,1
47677380,53,2,678,1,0,0
30487589,32,1,788,0,1,0
35942508,31,4,589,1,2,0
17648245,25,2,656,1,2,0
35523310,47,2,503,0,1,1
7540070,32,3,512,1,1,0
29364435,37,2,622,1,1,0
8491878,26,0,480,1,0,0
33241029,53,4,798,0,2,0
3960826,25,0,619,0,0,0
4844664,48,4,382,1,0,1
38167707,34,3,602,1,0,0
36932801,25,2,561,1,0,0
4090212,53,2,499,1,2,0
40785284,39,2,539,0,2,1
46185024,42,4,594,1,0,0
35707431,25,2,811,0,1,0
23320139,22,0,695,0,2,0
27227191,50,2,437,1,0,1
27919139,59,3,428,0,1,1
6600108,24,0,348,1,1,1
13393942,53,2,592,1,0,0
4854190,33,2,835,0,2,1
3284382,40,1,610,1,1,0
9196042,27,4,836,1,2,0
39407753,35,0,533,1,2,0
49230658,43,1,508,0,1,1
21432053,34,3,393,1,0,1
13872847,43,4,626,1,1,1
19819593,39,0,524,1,1,0
40131465,49,2,310,0,2,1
5257181,40,0,628,1,0,0
